{
  "Clasificacion": {
    "Temporada": "2019-2020",
    "Grupo": "A",
    "Campos": [
      "Nombre",
      "PJ",
      "V",
      "E",
      "D",
      "GF",
      "GC",
      "DG",
      "Pts"
    ],
    "Equipo": [
      [
        "PSG",
        6,
        5,
        1,
        0,
        17,
        2,
        15,
        16
      ],
      [
        "Real Madrid",
        6,
        3,
        2,
        1,
        14,
        8,
        6,
        11
      ],
      [
        "Club Brujas",
        6,
        0,
        3,
        3,
        4,
        12,
        -8,
        3
      ],
      [
        "Galatasaray",
        6,
        0,
        2,
        4,
        1,
        14,
        -13,
        2
      ]
    ]
  }
}